<configuration>
<appender name="LOGSTASH" class="net.logstash.logback.appender.LogstashTcpSocketAppender">
<destination>localhost:5000</destination>
<encoder class="net.logstash.logback.encoder.LoggingEventCompositeJsonEncoder">
<providers>
<timestamp/>
<loggerName/>
<threadName/>
<logLevel/>
<message/>
<mdc/>
<tracing/>
<!--  ⭐ THIS ADDS traceId & spanId AUTOMATICALLY  -->
</providers>
</encoder>
</appender>
<root level="INFO">
<appender-ref ref="LOGSTASH"/>
</root>
</configuration>